"grain_size","ndgsi"
30,0.577037948442782
31,0.584158859160801
32,0.59104440904754
33,0.597697890791967
34,0.604139519326067
35,0.610376624271011
36,0.616420564460071
37,0.622281657475508
38,0.627971336752521
39,0.633496522234959
40,0.638859747428623
41,0.644081432407658
42,0.649160985065388
43,0.654095168234691
44,0.658912286792888
45,0.663595443912983
46,0.668165243006664
47,0.672616691879997
48,0.676957837401967
49,0.681197299068874
50,0.685332654324674
51,0.689363919783764
52,0.693305988418513
53,0.697160279444509
54,0.700922329394701
55,0.704599613499356
56,0.708196702947859
57,0.711714034022082
58,0.715152751330536
59,0.71852090077983
60,0.721812543546915
61,0.725037578975148
62,0.72819546929372
63,0.731283680789134
64,0.734313174943216
65,0.737280965149262
66,0.7401893000236
67,0.743038168735477
68,0.745834107914721
69,0.748568129169278
70,0.751255097961186
71,0.753887393249032
72,0.756472679828599
73,0.759006531075068
74,0.761493126844799
75,0.763937959685703
76,0.766334773504975
77,0.768686285003782
78,0.77099831318727
79,0.773267282271553
80,0.775498575618867
81,0.777687652716382
82,0.779839832160239
83,0.781955588359887
84,0.784034262208507
85,0.786077223160747
86,0.788086707430673
87,0.790061247761298
88,0.792004503522221
89,0.793915108256351
90,0.795794590455751
91,0.797642662684908
92,0.799463326264295
93,0.801253380004671
94,0.80301421097721
95,0.804749098747177
96,0.806456778277061
97,0.808136474506857
98,0.809791157815135
99,0.81141973888864
100,0.813025854315556
101,0.814608534410213
102,0.816164540943332
103,0.817698856027708
104,0.819208214020129
105,0.820699628101704
106,0.8221667921736
107,0.823613365297011
108,0.825037877984523
109,0.826443197775037
110,0.827827920404171
111,0.829194273400536
112,0.830540318577187
113,0.831870288086505
114,0.833178714488918
115,0.834470252448391
116,0.835743288725262
117,0.836999975295727
118,0.838238971824088
119,0.83946072510029
120,0.840667332688374
121,0.841857713193669
122,0.843031835034069
123,0.844190673787961
124,0.845334578658309
125,0.846464339684951
126,0.847578744707092
127,0.848678626834786
128,0.849764376781463
129,0.850837774741218
130,0.851895713647795
131,0.852941569892874
132,0.853973687951084
133,0.854991384029037
134,0.85599841065462
135,0.856993445449314
136,0.85797400864758
137,0.858943860699469
138,0.859902499994784
139,0.860848331681992
140,0.861783913190625
141,0.862708052089219
142,0.863621197288972
143,0.864522564301487
144,0.865414735520584
145,0.866294314265911
146,0.86716587069975
147,0.86802627179808
148,0.868877146535373
149,0.869717299582057
150,0.870548942618903
151,0.871369863525162
152,0.872182880719773
153,0.872985608730943
154,0.873779274028069
155,0.874565495508218
156,0.875341136811426
157,0.876108737643846
158,0.876867696744613
159,0.877619079636235
160,0.878361948156434
161,0.879096179292577
162,0.879821792186493
163,0.880540611946017
164,0.881252076717173
165,0.88195525465541
166,0.882651402428
167,0.883339683337667
168,0.884021154002228
169,0.884695263825294
170,0.885362276441912
171,0.886021995436283
172,0.886674980208096
173,0.887322405755215
174,0.887962022373781
175,0.888594985400399
176,0.889221869685489
177,0.889842745817515
178,0.890456745883258
179,0.891065047464837
180,0.891666164552604
181,0.892262142281093
182,0.892851914379551
183,0.893436839375516
184,0.894014366849226
185,0.894587381849992
186,0.895154807592708
187,0.895716003020781
188,0.896272151762852
189,0.89682214383252
190,0.897368005831912
191,0.897908207992247
192,0.898443739976061
193,0.898973193122083
194,0.899498028679659
195,0.900018576136666
196,0.900533445966846
197,0.901044478281384
198,0.90154958277628
199,0.902050755222916
200,0.902546748700908
201,0.903038537001407
202,0.903525743867239
203,0.904007969717694
204,0.904486209028617
205,0.904960356294588
206,0.905430058490605
207,0.905895965505253
208,0.906356392467929
209,0.906813667290183
210,0.907266372968981
211,0.907715528697222
212,0.908160495483369
213,0.908602284340351
214,0.909039030161592
215,0.9094724935593
216,0.909901972503486
217,0.910327555708598
218,0.910750233384354
219,0.911168625549056
220,0.911583861583751
221,0.911995124438384
222,0.912403025307987
223,0.912806851450761
224,0.913208614653247
225,0.913605589577625
226,0.913999965011021
227,0.914391187696002
228,0.914778584799241
229,0.915163035276135
230,0.915544501948359
231,0.915921769298375
232,0.91629666265778
233,0.916668360163671
234,0.917037299025078
235,0.917403252973299
236,0.917765551253637
237,0.918125115993016
238,0.918481435704598
239,0.918836225928201
240,0.919186797511219
241,0.919534626453197
242,0.919880633333609
243,0.920223372534264
244,0.92056303519757
245,0.920900643733633
246,0.921234976962925
247,0.921567175306352
248,0.92189604265608
249,0.922222679206068
250,0.922546842074318
251,0.92286847725547
252,0.923187806494071
253,0.923504558740901
254,0.923818276949471
255,0.924130095883077
256,0.924439288929809
257,0.924746371250017
258,0.925050715936952
259,0.925352966381826
260,0.925652686561873
261,0.925950261123612
262,0.926245968905672
263,0.92653898343045
264,0.926830161105016
265,0.927118541391073
266,0.927405403522549
267,0.927689620894279
268,0.927971911199074
269,0.928251924076069
270,0.928530155440479
271,0.928806164715888
272,0.929080201714164
273,0.929351944509178
274,0.929622035621083
275,0.929890149377207
276,0.930156571331889
277,0.930420168506242
278,0.930682454182411
279,0.930942650175472
280,0.931201099826589
281,0.9314578117109
282,0.931712048372301
283,0.931964886780803
284,0.932216077142212
285,0.93246532014585
286,0.932712657306476
287,0.932958119372596
288,0.933202395342184
289,0.933444385353835
290,0.933685109150514
291,0.933923960653659
292,0.93416095933655
293,0.934396642202941
294,0.934629919472252
295,0.934862037456509
296,0.935092696105883
297,0.935321485742547
298,0.935548931267689
299,0.935774652086637
300,0.935998637218531
301,0.936221095290996
302,0.936442523633132
303,0.936662253054414
304,0.93688033333395
305,0.937097009538549
306,0.937312000832601
307,0.93752560281656
308,0.937737689753425
309,0.937948417758857
310,0.938157769321243
311,0.938365808583268
312,0.938572077619849
313,0.938777539944236
314,0.93898119779087
315,0.939183563810118
316,0.939384823372092
317,0.939584314363075
318,0.93978310834001
319,0.939979956201106
320,0.940175626667167
321,0.940370352097241
322,0.9405633182599
323,0.940755308907355
324,0.940945963635048
325,0.941135338901333
326,0.941323549208812
327,0.941510866848506
328,0.941696430193181
329,0.941880768003833
330,0.942063933225053
331,0.942246613478444
332,0.942427218446399
333,0.942607199683681
334,0.942785681240564
335,0.942963408651242
336,0.943139578182799
337,0.943314948116745
338,0.943488963748798
339,0.943662083360277
340,0.943834078038687
341,0.94400469253367
342,0.944174498174937
343,0.944343417123655
344,0.944510948731641
345,0.944677387639286
346,0.944842890342331
347,0.945007399633271
348,0.945170795418494
349,0.945333178542863
350,0.945494530035085
351,0.945655189871029
352,0.945814499774553
353,0.945973157911092
354,0.946130581095339
355,0.946287210770679
356,0.946442672847393
357,0.946596892606835
358,0.946750702500007
359,0.946903522104689
360,0.947055354589009
361,0.94720604000651
362,0.947355993176841
363,0.947504882608868
364,0.947653028658378
365,0.947799919211287
366,0.947946772431581
367,0.948092029556478
368,0.948236736102679
369,0.948379960676871
370,0.94852274350089
371,0.948664839941038
372,0.948805925380855
373,0.948946360367644
374,0.949085608933824
375,0.949224244235121
376,0.949362046238802
377,0.949499191002236
378,0.949635154956696
379,0.949770615656005
380,0.94990515164492
381,0.95003885137414
382,0.95017166601788
383,0.950303862925955
384,0.950435447227375
385,0.950566147456008
386,0.950696145936341
387,0.950824985997983
388,0.95095344240156
389,0.951081206558582
390,0.951208042277201
391,0.951334269485936
392,0.951459540454241
393,0.951584352340004
394,0.951708467873198
395,0.951831474079831
396,0.951954205324287
397,0.952075915929102
398,0.952197265139061
399,0.952317737225112
400,0.952437336584311
401,0.952556404113919
402,0.952675206691156
403,0.952792679657317
404,0.952909975457984
405,0.953026201946337
406,0.953142170255964
407,0.953257208375773
408,0.953371667576596
409,0.953485722605396
410,0.953598745972363
411,0.953711605352892
412,0.953823291618137
413,0.953934556196004
414,0.954045204901997
415,0.954155384967081
416,0.954264490113661
417,0.954373500263548
418,0.954481859422205
419,0.954589500162584
420,0.95469651550542
421,0.9548027696456
422,0.954908714442245
423,0.955013987394196
424,0.955118638991966
425,0.955223027006129
426,0.955326358761384
427,0.955429324362394
428,0.95553198849344
429,0.95563380691113
430,0.95573498881238
431,0.955835789876288
432,0.955935971527279
433,0.956035784212271
434,0.956134978316737
435,0.956233534409076
436,0.956331618669203
437,0.956428943940755
438,0.956525855233596
439,0.956622662795228
440,0.956718450411223
441,0.956814117193196
442,0.956908896670465
443,0.957003398005823
444,0.957097416439952
445,0.957190889729643
446,0.957283578026989
447,0.957376124431923
448,0.957468177361031
449,0.957559682733386
450,0.957650509166191
451,0.957741082995275
452,0.957831027357531
453,0.957920579762457
454,0.958009605663593
455,0.958098173861158
456,0.958186445660108
457,0.958273951782505
458,0.958361459432056
459,0.958448236230627
460,0.958534505828984
461,0.958620453558149
462,0.958705705516227
463,0.95879074164298
464,0.95887526954518
465,0.958959139547984
466,0.959043175220379
467,0.959126130236478
468,0.959208967896569
469,0.959291452316617
470,0.959373254480951
471,0.959454988269101
472,0.959535859704141
473,0.959616669468717
474,0.959696878467818
475,0.95977682964171
476,0.959856112969322
477,0.959935377288568
478,0.960013856654257
479,0.960092110335598
480,0.960170030140623
481,0.960247467135987
482,0.960324425437347
483,0.960401346184391
484,0.960477566640838
485,0.960553317602921
486,0.960628662672319
487,0.960703931525936
488,0.960778602083315
489,0.960853021974837
490,0.960926999784781
491,0.961000701472165
492,0.961074012362694
493,0.961146715537704
494,0.961219222900366
495,0.961291449823636
496,0.961363244930734
497,0.961434740556472
498,0.961505816596607
499,0.961576528525962
500,0.961646805575509
501,0.961716796192588
502,0.96178644781526
503,0.961855957546553
504,0.961924811009337
505,0.961993529950267
506,0.962061906096882
507,0.9621298054937
508,0.962197605390275
509,0.962264957498666
510,0.962331760944338
511,0.962398360686764
512,0.962464730199254
513,0.962530689369456
514,0.962596420352251
515,0.962661691776553
516,0.962726714455166
517,0.962791658346659
518,0.962855837292117
519,0.962920086667644
520,0.962983807636552
521,0.963047185634209
522,0.963110469307852
523,0.96317320171344
524,0.96323577239796
525,0.96329806539516
526,0.963360044429016
527,0.963421519719571
528,0.963483059729408
529,0.963544053341612
530,0.963604777770194
531,0.963665256187809
532,0.963725413038055
533,0.963785214341172
534,0.963844961904781
535,0.963904307722434
536,0.963963163174502
537,0.964022057605046
538,0.964080542787541
539,0.964138771145061
540,0.964196466840686
541,0.964254289552977
542,0.964311630153693
543,0.964368864196687
544,0.964425401104242
545,0.964482066329316
546,0.96453841753885
547,0.964594221937485
548,0.964650257955169
549,0.964705581361003
550,0.964760866269707
551,0.964815706486051
552,0.964870504859627
553,0.964924958150751
554,0.964979161847768
555,0.965033119454699
556,0.965086753186892
557,0.96514026320442
558,0.965193416967642
559,0.965246302911459
560,0.965298979131109
561,0.96535151949685
562,0.965403783315705
563,0.965455754995295
564,0.965507403030495
565,0.965558816745515
566,0.965610106787315
567,0.96566123232425
568,0.965711896381932
569,0.965762411731337
570,0.965812771052817
571,0.965862847965516
572,0.965912497035808
573,0.965962185427585
574,0.966011516943654
575,0.966060684865185
576,0.966109635613413
577,0.966158371509008
578,0.966206781036948
579,0.966255121100361
580,0.966303104372768
581,0.966350780699471
582,0.966398439896162
583,0.966445676491156
584,0.966493082932574
585,0.966540005939317
586,0.96658662330497
587,0.96663318768101
588,0.966679418633028
589,0.966725541689391
590,0.966771409689928
591,0.966817178878756
592,0.966862541571594
593,0.96690784559088
594,0.966952721403253
595,0.966997726924014
596,0.967042333802412
597,0.967086638633539
598,0.967131007395906
599,0.967175190430813
600,0.967218920389948
601,0.967262608002279
602,0.967306100681816
603,0.967349203915331
604,0.967392351133269
605,0.967435128412883
606,0.967477822993764
607,0.967520530187601
608,0.967562739213881
609,0.967604898314426
610,0.967646688989757
611,0.967688260440896
612,0.967729976053971
613,0.967771451359622
614,0.967812517237757
615,0.967853488183479
616,0.967894198196981
617,0.96793485339485
618,0.967975311516169
619,0.968015624296579
620,0.968055650892183
621,0.968095761672663
622,0.96813533827142
623,0.968174888412577
624,0.968214220660069
625,0.968253393209642
626,0.968292475137261
627,0.968331268910436
628,0.968370129769658
629,0.968408606171126
630,0.968446900819803
631,0.968485104201228
632,0.96852305862106
633,0.968561009739889
634,0.968598643549552
635,0.968636170460876
636,0.968673494494414
637,0.968710546974512
638,0.968747654118772
639,0.968784561721273
640,0.968821162191327
641,0.968857710757093
642,0.968894241108136
643,0.968930364351957
644,0.968966429583243
645,0.96900223456505
646,0.969038022327199
647,0.969073638609452
648,0.969109018086624
649,0.969144243329813
650,0.969179365335711
651,0.969214373384323
652,0.969249189319433
653,0.969283994839418
654,0.969318497790455
655,0.969352820479385
656,0.96938708381764
657,0.969421119762008
658,0.969455065428499
659,0.96948880198815
660,0.96952244256448
661,0.969555922478228
662,0.96958924156393
663,0.969622403262173
664,0.969655518988068
665,0.969688391914426
666,0.969721196796002
667,0.969753761953975
668,0.969786318687447
669,0.969818636018032
670,0.969850781616319
671,0.969882966844382
672,0.969914815665278
673,0.969946606375432
674,0.969978240052378
675,0.970009911362628
676,0.970041295807462
677,0.970072458450231
678,0.970103722297396
679,0.970134616532766
680,0.970165481911854
681,0.970196200074572
682,0.970226827782123
683,0.970257263767195
684,0.970287505734089
685,0.970317912863466
686,0.970347860097109
687,0.970377849028964
688,0.970407693754145
689,0.970437334403532
690,0.970466882052532
691,0.970496390910306
692,0.970525717265049
693,0.970554821458573
694,0.97058392802529
695,0.970612842237079
696,0.970641699453719
697,0.970670417173546
698,0.970698909611417
699,0.970727392891535
700,0.970755821327847
701,0.970783986402308
702,0.970812055138816
703,0.97084008083301
704,0.970867907377949
705,0.970895681866719
706,0.970923402691987
707,0.970950716393854
708,0.970978207147801
709,0.971005401466632
710,0.971032758480913
711,0.971059659035049
712,0.971086650423931
713,0.971113474913021
714,0.971140220486284
715,0.971166779497582
716,0.971193250190375
717,0.971219711069178
718,0.971245875860114
719,0.971271985516163
720,0.971298241591947
721,0.971324061338303
722,0.971349787626465
723,0.971375595047809
724,0.971401212597251
725,0.971426758080653
726,0.971452076814856
727,0.971477486644585
728,0.971502567111574
729,0.971527628328241
730,0.971552707741365
731,0.971577612864326
732,0.971602267580106
733,0.971626913132361
734,0.971651592986135
735,0.971676058651861
736,0.971700339398191
737,0.971724621072348
738,0.971748754035251
739,0.971772932213322
740,0.971796734375626
741,0.971820670668217
742,0.97184449675149
743,0.971867956972087
744,0.971891670459502
745,0.971915174975189
746,0.971938541390521
747,0.971961740000142
748,0.971984888818211
749,0.972008049238344
750,0.97203099071085
751,0.972053873020117
752,0.972076547912382
753,0.972099354669028
754,0.972122029656117
755,0.972144417384873
756,0.972166990437537
757,0.972189170035105
758,0.972211371495519
759,0.972233682327276
760,0.972255642970894
761,0.97227760960941
762,0.972299386517534
763,0.972321244103296
764,0.972342929153431
765,0.972364593493469
766,0.972386075561324
767,0.972407474366827
768,0.972428792274215
769,0.972449953616307
770,0.972471227601975
771,0.9724922304261
772,0.972513272978031
773,0.972534061920925
774,0.972554960967683
775,0.97257567817057
776,0.972596345159242
777,0.972616892350323
778,0.972637220811424
779,0.972657728339524
780,0.972678060472375
781,0.972698239144282
782,0.972718333531258
783,0.972738448807879
784,0.97275841625104
785,0.972778356593651
786,0.972798169227843
787,0.972817921707015
788,0.972837531378506
789,0.972857037917602
790,0.972876570181238
791,0.972895972777547
792,0.972915340555621
793,0.972934662562262
794,0.972953772845597
795,0.972972827227677
796,0.972991852419501
797,0.973010799728817
798,0.973029585331202
799,0.973048433875734
800,0.973067030831713
801,0.973085786140876
802,0.973104321960391
803,0.973122834233508
804,0.973141235277254
805,0.973159446955609
806,0.973177800393234
807,0.973195982478274
808,0.97321405139733
809,0.973232080583386
810,0.973250041312413
811,0.973267906246302
812,0.973285768690872
813,0.97330347099806
814,0.973321021276564
815,0.973338656287317
816,0.973356291126346
817,0.973373700324268
818,0.973391102890308
819,0.973408336867555
820,0.973425567207929
821,0.973442749860539
822,0.973459864771436
823,0.973476960379699
824,0.97349389076989
825,0.973510711509254
826,0.973527559403585
827,0.973544304710233
828,0.973560924310218
829,0.973577633020666
830,0.97359417608154
831,0.973610632695945
832,0.973627037800473
833,0.973643392783652
834,0.973659691131649
835,0.973675867563883
836,0.973692052211147
837,0.973708039253234
838,0.973724104451506
839,0.973740149191496
840,0.973756038156951
841,0.973771841092789
842,0.973787583906662
843,0.973803257104368
844,0.973818815225488
845,0.973834456747703
846,0.973850001460349
847,0.97386534880219
848,0.973880731575544
849,0.973896138675993
850,0.973911326125871
851,0.973926522225155
852,0.973941585861635
853,0.973956704003247
854,0.973971669180478
855,0.973986657484991
856,0.974001477478016
857,0.974016397464596
858,0.974031130231898
859,0.974045924624654
860,0.974060465054026
861,0.974075071964356
862,0.974089613423857
863,0.974104058899938
864,0.974118568880425
865,0.974132849314799
866,0.974147073471783
867,0.974161356084125
868,0.974175547767883
869,0.974189626555541
870,0.974203723449769
871,0.974217756867046
872,0.974231629153177
873,0.974245599320569
874,0.974259445030892
875,0.97427321080317
876,0.974286859292825
877,0.974300469861025
878,0.974314136041578
879,0.974327726740951
880,0.974341211600704
881,0.974354612102783
882,0.974367971101327
883,0.974381472102757
884,0.974394704136643
885,0.974407863743718
886,0.974421029445277
887,0.974434206722742
888,0.974447285395945
889,0.974460265961916
890,0.974473207039669
891,0.97448607529826
892,0.974499019700861
893,0.974511853379854
894,0.97452457669908
895,0.974537251101743
896,0.974549910773347
897,0.974562461583007
898,0.974575095150407
899,0.974587536442724
900,0.974599866808853
901,0.974612366969174
902,0.974624741902888
903,0.974637002767232
904,0.974649183779329
905,0.974661459031632
906,0.974673578569929
907,0.974685694732033
908,0.974697664387149
909,0.974709716905486
910,0.974721607455544
911,0.974733449499549
912,0.974745403683938
913,0.974757140330818
914,0.974768957582555
915,0.974780596903302
916,0.97479222446307
917,0.974803926189398
918,0.974815451920071
919,0.974826965762455
920,0.974838383374344
921,0.974849787833985
922,0.974861267760284
923,0.974872576277031
924,0.974883823128353
925,0.974895033421949
926,0.97490624163118
927,0.974917366714047
928,0.97492844517522
929,0.974939528317348
930,0.974950503056098
931,0.974961455816762
932,0.974972343744836
933,0.974983193277193
934,0.974994126153536
935,0.975004876391095
936,0.975015552791037
937,0.97502625300592
938,0.975036914829842
939,0.975047548268437
940,0.975058141662704
941,0.975068703191994
942,0.975079086942894
943,0.97508957268531
944,0.975099857902681
945,0.975110230570435
946,0.975120635431323
947,0.975130875704709
948,0.97514108601509
949,0.975151238437645
950,0.975161418299881
951,0.975171506152184
952,0.975181465466915
953,0.97519155221394
954,0.975201456024227
955,0.975211399203566
956,0.975221266609905
957,0.975231211487526
958,0.975240983314467
959,0.975250765645243
960,0.975260428833028
961,0.975270158660769
962,0.97527978807598
963,0.975289407043922
964,0.975298935133873
965,0.975308482908969
966,0.9753180161749
967,0.975327455393466
968,0.975336790211728
969,0.975346177794681
970,0.975355551229489
971,0.975364830628288
972,0.975374013531621
973,0.975383282331393
974,0.975392400084587
975,0.975401556713281
976,0.975410698585535
977,0.975419690317195
978,0.975428841915787
979,0.975437732045079
980,0.975446638605116
981,0.975455564548323
982,0.975464470015234
983,0.975473338903141
984,0.975482033929679
985,0.975490920100499
986,0.975499631755209
987,0.975508361168793
988,0.975516930771268
989,0.975525602707713
990,0.975534226562723
991,0.975542778152949
992,0.975551284846389
993,0.97555975567062
994,0.97556816774177
995,0.975576527146763
996,0.975585011152906
997,0.975593284723117
998,0.975601614030082
999,0.975609858714746
1000,0.975617965505558
1001,0.975626255135522
1002,0.975634369918094
1003,0.975642576169573
1004,0.975650579577296
1005,0.97565869165359
1006,0.975666624392094
1007,0.975674718492365
1008,0.975682682777547
1009,0.975690632860665
1010,0.975698413988129
1011,0.97570624885883
1012,0.975714127591185
1013,0.975721867405417
1014,0.975729670644845
1015,0.975737387244331
1016,0.975745048379628
1017,0.975752626693867
1018,0.975760417958753
1019,0.975767865202584
1020,0.97577552444262
1021,0.975783089204019
1022,0.975790559830348
1023,0.97579804388523
1024,0.975805420430991
1025,0.975812812393223
1026,0.975820202924436
1027,0.975827594699175
1028,0.975834855093702
1029,0.975842117480524
1030,0.975849445901268
1031,0.975856665383551
1032,0.975863740902653
1033,0.975870859692096
1034,0.975878003637694
1035,0.97588514351665
1036,0.97589219048863
1037,0.975899162146962
1038,0.975906192722846
1039,0.975913194406293
1040,0.975920109434897
1041,0.975927004844504
1042,0.975933848557127
1043,0.975940715562796
1044,0.97594765877798
1045,0.975954346849078
1046,0.975961158913315
1047,0.975967911177944
1048,0.975974634100676
1049,0.975981227283666
1050,0.975987850173034
1051,0.975994535204139
1052,0.976001111837254
1053,0.976007683914392
1054,0.976014131118096
1055,0.976020687016144
1056,0.976027126370408
1057,0.976033616270658
1058,0.976039947257928
1059,0.976046494284175
1060,0.976052699434663
1061,0.976059064097556
1062,0.976065334145216
1063,0.976071687274018
1064,0.976077903786659
1065,0.976084094046485
1066,0.976090307672214
1067,0.976096503243654
1068,0.976102645531978
1069,0.976108663718443
1070,0.976114980635716
1071,0.976120896972009
1072,0.976126884741346
1073,0.976132905996087
1074,0.976138908782475
1075,0.976144944448212
1076,0.97615086155241
1077,0.976156692966011
1078,0.976162615941629
1079,0.976168452159206
1080,0.976174209856879
1081,0.976180119031572
1082,0.976185819090843
1083,0.976191546709992
1084,0.976197302529991
1085,0.976203030045363
1086,0.976208668908759
1087,0.976214260425902
1088,0.976219920895026
1089,0.976225439512619
1090,0.976231028649099
1091,0.976236626905196
1092,0.976242115172943
1093,0.976247571212922
1094,0.976253068470463
1095,0.976258506388792
1096,0.976263979098339
1097,0.976269337798963
1098,0.976274751692821
1099,0.976280092596687
1100,0.976285431178408
1101,0.976290595638824
1102,0.976295985041321
1103,0.976301126012395
1104,0.976306412184101
1105,0.976311594886159
1106,0.976316885229421
1107,0.976321979105044
1108,0.976327079506603
1109,0.97633226824795
1110,0.976337258523067
1111,0.976342331298656
1112,0.976347410588866
1113,0.976352344889441
1114,0.976357385720386
1115,0.976362327488996
1116,0.976367289501311
1117,0.976372237366487
1118,0.976377125857596
1119,0.976381990717643
1120,0.976386880978709
1121,0.976391660222813
1122,0.976396532942632
1123,0.976401269172059
1124,0.976405962116267
1125,0.97641082801159
1126,0.976415390498418
1127,0.976420098384101
1128,0.976424927945856
1129,0.976429572017935
1130,0.976434189099365
1131,0.976438756385912
1132,0.976443268986865
1133,0.976447857814978
1134,0.976452451677639
1135,0.976456934810405
1136,0.976461498032376
1137,0.976465917916606
1138,0.976470390380262
1139,0.976474850950682
1140,0.976479260113988
1141,0.976483559779309
1142,0.976487989699864
1143,0.976492371285845
1144,0.976496753103377
1145,0.976500955523178
1146,0.976505298781895
1147,0.976509527592958
1148,0.976513866509158
1149,0.976518084832804
1150,0.976522275875253
1151,0.976526469848964
1152,0.976530614501236
1153,0.976534761682101
1154,0.976538957885931
1155,0.97654301652173
1156,0.976547078389992
1157,0.976551200406321
1158,0.976555191562005
1159,0.976559271460863
1160,0.97656323462053
1161,0.97656719156858
1162,0.976571165445213
1163,0.976575272986066
1164,0.976579139560659
1165,0.976583027097057
1166,0.97658682100565
1167,0.976590845862426
1168,0.976594630650378
1169,0.976598531093391
1170,0.97660235810312
1171,0.976606137203309
1172,0.976609886951209
1173,0.976613556786824
1174,0.976617417080136
1175,0.976621122143798
1176,0.976624746312854
1177,0.976628499866996
1178,0.976632121815845
1179,0.976635817770951
1180,0.976639409958467
1181,0.976643072877866
1182,0.976646652951285
1183,0.976650225264639
1184,0.976653801903223
1185,0.976657322645033
1186,0.976660812281337
1187,0.976664289397877
1188,0.976667847102028
1189,0.976671319201691
1190,0.976674696563045
1191,0.976678134164052
1192,0.976681553301894
1193,0.976684941597487
1194,0.976688284507372
1195,0.976691644340785
1196,0.976694994607409
1197,0.976698469435999
1198,0.976701741764057
1199,0.976705002843171
1200,0.976708228367789
1201,0.976711614529829
1202,0.9767147680935
1203,0.976717960468158
1204,0.976721213033359
1205,0.976724336882793
1206,0.976727518955741
1207,0.976730604833643
1208,0.976733863823616
1209,0.976736938355799
1210,0.976739992712694
1211,0.976743202323723
1212,0.976746243919131
1213,0.976749402821192
1214,0.976752297015331
1215,0.976755356293005
1216,0.976758357670728
1217,0.976761298571562
1218,0.976764364115446
1219,0.976767237369329
1220,0.976770172337741
1221,0.976773201882499
1222,0.976776055389135
1223,0.976778992717547
1224,0.976781866502509
1225,0.976784650238467
1226,0.976787535151843
1227,0.976790351524264
1228,0.976793141307227
1229,0.97679604551933
1230,0.976798772160282
1231,0.976801561029492
1232,0.976804254250489
1233,0.976807011642706
1234,0.976809741583046
1235,0.976812424286848
1236,0.976815195362134
1237,0.976817793586449
1238,0.976820491208411
1239,0.976823193449142
1240,0.976825771624729
1241,0.97682836840868
1242,0.976830977177201
1243,0.97683358379955
1244,0.976836163665585
1245,0.97683866551891
1246,0.976841250057888
1247,0.976843697217965
1248,0.97684622064968
1249,0.976848768113559
1250,0.976851256381705
1251,0.976853752693512
1252,0.976856175732081
1253,0.976858603475159
1254,0.976861035482326
1255,0.976863392326459
1256,0.976865879478536
1257,0.976868314951956
1258,0.976870594640917
1259,0.976873041007555
1260,0.976875337348823
1261,0.976877668203267
1262,0.976879935953403
1263,0.976882198890982
1264,0.976884406371278
1265,0.976886714384275
1266,0.976889037586402
1267,0.976891321372671
1268,0.97689351548895
1269,0.97689572903568
1270,0.976897929794993
1271,0.976900180551025
1272,0.976902305724107
1273,0.976904475290167
1274,0.97690662597654
1275,0.976908780956699
1276,0.976910881909518
1277,0.976912904882391
1278,0.976915055744823
1279,0.976917182845716
1280,0.976919226441311
1281,0.976921259452505
1282,0.976923229636373
1283,0.976925373933082
1284,0.976927359737577
1285,0.976929313193753
1286,0.976931333516693
1287,0.976933333149436
1288,0.976935343202042
1289,0.976937256629995
1290,0.97693923231587
1291,0.976941062137221
1292,0.976943089399625
1293,0.97694490787737
1294,0.976946771784501
1295,0.976948729483641
1296,0.976950533297361
1297,0.976952333052166
1298,0.976954169755893
1299,0.976956063840822
1300,0.976957875695492
1301,0.976959633393737
1302,0.976961425650478
1303,0.976963215954877
1304,0.976964976074422
1305,0.976966742422612
1306,0.976968484809694
1307,0.97697025370726
1308,0.976971956610494
1309,0.976973630830343
1310,0.976975347842815
1311,0.976977017923902
1312,0.976978553666141
1313,0.976980347007672
1314,0.976981929595616
1315,0.976983589550471
1316,0.976985265667928
1317,0.976986882277449
1318,0.976988452421537
1319,0.976990046790885
1320,0.976991606436089
1321,0.976993146443713
1322,0.976994700524885
1323,0.976996284155231
1324,0.976997699241841
1325,0.976999305802429
1326,0.977000742774717
1327,0.977002272454375
1328,0.977003782907244
1329,0.977005231443148
1330,0.977006737270686
1331,0.977008126429813
1332,0.977009592490162
1333,0.977011021499724
1334,0.977012392546869
1335,0.977013875689164
1336,0.977015220714379
1337,0.977016624343553
1338,0.977017958667799
1339,0.977019357606097
1340,0.977020695790525
1341,0.977022112611916
1342,0.977023381612397
1343,0.977024649948822
1344,0.977025993408412
1345,0.977027282242438
1346,0.977028617667505
1347,0.977029832384976
1348,0.97703115224008
1349,0.977032415618044
1350,0.977033658375765
1351,0.977034792742477
1352,0.977036017153314
1353,0.977037297199583
1354,0.977038499579983
1355,0.977039641625447
1356,0.977040916505746
1357,0.97704204105336
1358,0.977043193728322
1359,0.977044300835431
1360,0.977045484133959
1361,0.977046635221101
1362,0.977047706691186
1363,0.97704885428997
1364,0.977049916582913
1365,0.977051037896081
1366,0.977052073771006
1367,0.97705315194432
1368,0.977054233811821
1369,0.977055295392579
1370,0.977056325053203
1371,0.977057426637681
1372,0.977058398807516
1373,0.977059377771251
1374,0.977060449040447
1375,0.977061434416288
1376,0.977062397240749
1377,0.977063307489192
1378,0.977064365940936
1379,0.977065223505563
1380,0.977066231131399
1381,0.977067156637199
1382,0.97706800816089
1383,0.977068991551683
1384,0.977069869782059
1385,0.977070878012646
1386,0.977071710040077
1387,0.977072500941785
1388,0.977073427643326
1389,0.977074324844908
1390,0.977075035256198
1391,0.977075981977432
1392,0.977076753715794
1393,0.977077723621547
1394,0.977078449655799
1395,0.977079205799106
1396,0.977080043091738
1397,0.97708084374024
1398,0.977081613651902
1399,0.977082355591243
1400,0.977083139884568
1401,0.977083949777679
1402,0.977084677235452
1403,0.977085372650556
1404,0.977086089695145
1405,0.977086781126332
1406,0.977087500566465
1407,0.977088238307397
1408,0.977088907520682
1409,0.977089527254491
1410,0.977090219550636
1411,0.977090925929326
1412,0.977091547965793
1413,0.977092246108247
1414,0.977092864676936
1415,0.977093475648181
1416,0.977094104322038
1417,0.977094734363228
1418,0.977095337977016
1419,0.977095845517591
1420,0.977096568788574
1421,0.977097078960793
1422,0.977097704420096
1423,0.977098237692382
1424,0.977098812478312
1425,0.97709927166707
1426,0.977099830420953
1427,0.977100340350621
1428,0.977100821818375
1429,0.977101409153592
1430,0.977101876488604
1431,0.97710233226709
1432,0.977102883821297
1433,0.977103338485135
1434,0.977103854845044
1435,0.977104335790358
1436,0.977104844759586
1437,0.977105206767442
1438,0.977105621409587
1439,0.977106075987403
1440,0.977106501291256
1441,0.97710693027522
1442,0.977107337170457
1443,0.977107708400619
1444,0.97710816496772
1445,0.977108502289115
1446,0.977108852025619
1447,0.977109203285647
1448,0.977109603274193
1449,0.97710995520535
1450,0.977110348372988
1451,0.977110602790731
1452,0.977110983126607
1453,0.977111374054367
1454,0.97711161897198
1455,0.977111897477265
1456,0.977112261242321
1457,0.977112572074223
1458,0.97711276987
1459,0.977113094124012
1460,0.977113325619122
1461,0.977113611967746
1462,0.977113887223192
1463,0.977114193343138
1464,0.977114423702113
1465,0.977114564690083
1466,0.977114855606918
1467,0.977115062001229
1468,0.977115311569686
1469,0.977115520662654
1470,0.977115766746695
1471,0.977115932669567
1472,0.977116084731291
1473,0.977116263899528
1474,0.97711641489223
1475,0.977116622855189
1476,0.977116728311806
1477,0.977116945729579
1478,0.977117063439769
1479,0.97711715141397
1480,0.977117308329687
1481,0.977117504251451
1482,0.977117621331322
1483,0.977117643504608
1484,0.977117789029735
1485,0.977117819750151
1486,0.977117989134807
1487,0.97711795997256
1488,0.977118088734795
1489,0.977118107680167
1490,0.977118170541392
1491,0.977118340526918
1492,0.977118299419514
1493,0.977118414333177
1494,0.977118337100304
1495,0.977118395901817
1496,0.977118477611391
1497,0.977118544435049
1498,0.977118493590535
1499,0.977118476524984
1500,0.977118491573113
